state,normdate2
FL,0
WA,0
IL,0
LA,0
MS,0
NC,0
VA,0
AZ,0
NJ,0
NM,0
NH,0
CA,0
AL,0
SD,0
ND,0
OK,0
OR,0
MO,0
KY,0
KS,0
RI,0
IN,0
IA,0
NY,0
MA,0
ID,0
HI,0
CO,0
MD,0
CT,0
PA,0
DE,0
MN,0
WY,0
WV,0
VT,0
MT,0
TX,0
SC,0
TN,0
GA,0
AR,0
AK,0
NE,0
DC,0
MI,0
NV,0
ME,0
NV,0
WI,0
OH,0
FL,1
FL,2
FL,3
FL,4
FL,5
FL,6
FL,7
FL,8
FL,9
FL,10
FL,11
FL,12
FL,13
FL,14
FL,15
FL,16
FL,17
FL,18
FL,19
FL,20
FL,21
FL,22
FL,23
FL,24
FL,25
FL,26
FL,27
FL,28
FL,29
FL,30
FL,31
FL,32
FL,33
FL,34
FL,35
WA,1
WA,2
WA,3
WA,4
WA,5
WA,6
WA,7
WA,8
WA,9
WA,10
WA,11
WA,12
WA,13
WA,14
WA,15
WA,16
WA,17
WA,18
WA,19
WA,20
WA,21
WA,22
WA,23
WA,24
WA,25
WA,26
WA,27
WA,28
WA,29
WA,30
WA,31
WA,32
WA,33
WA,34
WA,35
IL,1
IL,2
IL,3
IL,4
IL,5
IL,6
IL,7
IL,8
IL,9
IL,10
IL,11
IL,12
IL,13
IL,14
IL,15
IL,16
IL,17
IL,18
IL,19
IL,20
IL,21
IL,22
IL,23
IL,24
IL,25
IL,26
IL,27
IL,28
IL,29
IL,30
IL,31
IL,32
IL,33
IL,34
IL,35
LA,1
LA,2
LA,3
LA,4
LA,5
LA,6
LA,7
LA,8
LA,9
LA,10
LA,11
LA,12
LA,13
LA,14
LA,15
LA,16
LA,17
LA,18
LA,19
LA,20
LA,21
LA,22
LA,23
LA,24
LA,25
LA,26
LA,27
LA,28
LA,29
LA,30
LA,31
LA,32
LA,33
LA,34
LA,35
MS,1
MS,2
MS,3
MS,4
MS,5
MS,6
MS,7
MS,8
MS,9
MS,10
MS,11
MS,12
MS,13
MS,14
MS,15
MS,16
MS,17
MS,18
MS,19
MS,20
MS,21
MS,22
MS,23
MS,24
MS,25
MS,26
MS,27
MS,28
MS,29
MS,30
MS,31
MS,32
MS,33
MS,34
MS,35
NC,1
NC,2
NC,3
NC,4
NC,5
NC,6
NC,7
NC,8
NC,9
NC,10
NC,11
NC,12
NC,13
NC,14
NC,15
NC,16
NC,17
NC,18
NC,19
NC,20
NC,21
NC,22
NC,23
NC,24
NC,25
NC,26
NC,27
NC,28
NC,29
NC,30
NC,31
NC,32
NC,33
NC,34
NC,35
VA,1
VA,2
VA,3
VA,4
VA,5
VA,6
VA,7
VA,8
VA,9
VA,10
VA,11
VA,12
VA,13
VA,14
VA,15
VA,16
VA,17
VA,18
VA,19
VA,20
VA,21
VA,22
VA,23
VA,24
VA,25
VA,26
VA,27
VA,28
VA,29
VA,30
VA,31
VA,32
VA,33
VA,34
VA,35
AZ,1
AZ,2
AZ,3
AZ,4
AZ,5
AZ,6
AZ,7
AZ,8
AZ,9
AZ,10
AZ,11
AZ,12
AZ,13
AZ,14
AZ,15
AZ,16
AZ,17
AZ,18
AZ,19
AZ,20
AZ,21
AZ,22
AZ,23
AZ,24
AZ,25
AZ,26
AZ,27
AZ,28
AZ,29
AZ,30
AZ,31
AZ,32
AZ,33
AZ,34
AZ,35
NJ,1
NJ,2
NJ,3
NJ,4
NJ,5
NJ,6
NJ,7
NJ,8
NJ,9
NJ,10
NJ,11
NJ,12
NJ,13
NJ,14
NJ,15
NJ,16
NJ,17
NJ,18
NJ,19
NJ,20
NJ,21
NJ,22
NJ,23
NJ,24
NJ,25
NJ,26
NJ,27
NJ,28
NJ,29
NJ,30
NJ,31
NJ,32
NJ,33
NJ,34
NJ,35
NM,1
NM,2
NM,3
NM,4
NM,5
NM,6
NM,7
NM,8
NM,9
NM,10
NM,11
NM,12
NM,13
NM,14
NM,15
NM,16
NM,17
NM,18
NM,19
NM,20
NM,21
NM,22
NM,23
NM,24
NM,25
NM,26
NM,27
NM,28
NM,29
NM,30
NM,31
NM,32
NM,33
NM,34
NM,35
NH,1
NH,2
NH,3
NH,4
NH,5
NH,6
NH,7
NH,8
NH,9
NH,10
NH,11
NH,12
NH,13
NH,14
NH,15
NH,16
NH,17
NH,18
NH,19
NH,20
NH,21
NH,22
NH,23
NH,24
NH,25
NH,26
NH,27
NH,28
NH,29
NH,30
NH,31
NH,32
NH,33
NH,34
NH,35
CA,1
CA,2
CA,3
CA,4
CA,5
CA,6
CA,7
CA,8
CA,9
CA,10
CA,11
CA,12
CA,13
CA,14
CA,15
CA,16
CA,17
CA,18
CA,19
CA,20
CA,21
CA,22
CA,23
CA,24
CA,25
CA,26
CA,27
CA,28
CA,29
CA,30
CA,31
CA,32
CA,33
CA,34
CA,35
AL,1
AL,2
AL,3
AL,4
AL,5
AL,6
AL,7
AL,8
AL,9
AL,10
AL,11
AL,12
AL,13
AL,14
AL,15
AL,16
AL,17
AL,18
AL,19
AL,20
AL,21
AL,22
AL,23
AL,24
AL,25
AL,26
AL,27
AL,28
AL,29
AL,30
AL,31
AL,32
AL,33
AL,34
AL,35
SD,1
SD,2
SD,3
SD,4
SD,5
SD,6
SD,7
SD,8
SD,9
SD,10
SD,11
SD,12
SD,13
SD,14
SD,15
SD,16
SD,17
SD,18
SD,19
SD,20
SD,21
SD,22
SD,23
SD,24
SD,25
SD,26
SD,27
SD,28
SD,29
SD,30
SD,31
SD,32
SD,33
SD,34
SD,35
ND,1
ND,2
ND,3
ND,4
ND,5
ND,6
ND,7
ND,8
ND,9
ND,10
ND,11
ND,12
ND,13
ND,14
ND,15
ND,16
ND,17
ND,18
ND,19
ND,20
ND,21
ND,22
ND,23
ND,24
ND,25
ND,26
ND,27
ND,28
ND,29
ND,30
ND,31
ND,32
ND,33
ND,34
ND,35
OK,1
OK,2
OK,3
OK,4
OK,5
OK,6
OK,7
OK,8
OK,9
OK,10
OK,11
OK,12
OK,13
OK,14
OK,15
OK,16
OK,17
OK,18
OK,19
OK,20
OK,21
OK,22
OK,23
OK,24
OK,25
OK,26
OK,27
OK,28
OK,29
OK,30
OK,31
OK,32
OK,33
OK,34
OK,35
OR,1
OR,2
OR,3
OR,4
OR,5
OR,6
OR,7
OR,8
OR,9
OR,10
OR,11
OR,12
OR,13
OR,14
OR,15
OR,16
OR,17
OR,18
OR,19
OR,20
OR,21
OR,22
OR,23
OR,24
OR,25
OR,26
OR,27
OR,28
OR,29
OR,30
OR,31
OR,32
OR,33
OR,34
OR,35
MO,1
MO,2
MO,3
MO,4
MO,5
MO,6
MO,7
MO,8
MO,9
MO,10
MO,11
MO,12
MO,13
MO,14
MO,15
MO,16
MO,17
MO,18
MO,19
MO,20
MO,21
MO,22
MO,23
MO,24
MO,25
MO,26
MO,27
MO,28
MO,29
MO,30
MO,31
MO,32
MO,33
MO,34
MO,35
KY,1
KY,2
KY,3
KY,4
KY,5
KY,6
KY,7
KY,8
KY,9
KY,10
KY,11
KY,12
KY,13
KY,14
KY,15
KY,16
KY,17
KY,18
KY,19
KY,20
KY,21
KY,22
KY,23
KY,24
KY,25
KY,26
KY,27
KY,28
KY,29
KY,30
KY,31
KY,32
KY,33
KY,34
KY,35
KS,1
KS,2
KS,3
KS,4
KS,5
KS,6
KS,7
KS,8
KS,9
KS,10
KS,11
KS,12
KS,13
KS,14
KS,15
KS,16
KS,17
KS,18
KS,19
KS,20
KS,21
KS,22
KS,23
KS,24
KS,25
KS,26
KS,27
KS,28
KS,29
KS,30
KS,31
KS,32
KS,33
KS,34
KS,35
RI,1
RI,2
RI,3
RI,4
RI,5
RI,6
RI,7
RI,8
RI,9
RI,10
RI,11
RI,12
RI,13
RI,14
RI,15
RI,16
RI,17
RI,18
RI,19
RI,20
RI,21
RI,22
RI,23
RI,24
RI,25
RI,26
RI,27
RI,28
RI,29
RI,30
RI,31
RI,32
RI,33
RI,34
RI,35
IN,1
IN,2
IN,3
IN,4
IN,5
IN,6
IN,7
IN,8
IN,9
IN,10
IN,11
IN,12
IN,13
IN,14
IN,15
IN,16
IN,17
IN,18
IN,19
IN,20
IN,21
IN,22
IN,23
IN,24
IN,25
IN,26
IN,27
IN,28
IN,29
IN,30
IN,31
IN,32
IN,33
IN,34
IN,35
IA,1
IA,2
IA,3
IA,4
IA,5
IA,6
IA,7
IA,8
IA,9
IA,10
IA,11
IA,12
IA,13
IA,14
IA,15
IA,16
IA,17
IA,18
IA,19
IA,20
IA,21
IA,22
IA,23
IA,24
IA,25
IA,26
IA,27
IA,28
IA,29
IA,30
IA,31
IA,32
IA,33
IA,34
IA,35
NY,1
NY,2
NY,3
NY,4
NY,5
NY,6
NY,7
NY,8
NY,9
NY,10
NY,11
NY,12
NY,13
NY,14
NY,15
NY,16
NY,17
NY,18
NY,19
NY,20
NY,21
NY,22
NY,23
NY,24
NY,25
NY,26
NY,27
NY,28
NY,29
NY,30
NY,31
NY,32
NY,33
NY,34
NY,35
MA,1
MA,2
MA,3
MA,4
MA,5
MA,6
MA,7
MA,8
MA,9
MA,10
MA,11
MA,12
MA,13
MA,14
MA,15
MA,16
MA,17
MA,18
MA,19
MA,20
MA,21
MA,22
MA,23
MA,24
MA,25
MA,26
MA,27
MA,28
MA,29
MA,30
MA,31
MA,32
MA,33
MA,34
MA,35
ID,1
ID,2
ID,3
ID,4
ID,5
ID,6
ID,7
ID,8
ID,9
ID,10
ID,11
ID,12
ID,13
ID,14
ID,15
ID,16
ID,17
ID,18
ID,19
ID,20
ID,21
ID,22
ID,23
ID,24
ID,25
ID,26
ID,27
ID,28
ID,29
ID,30
ID,31
ID,32
ID,33
ID,34
ID,35
HI,1
HI,2
HI,3
HI,4
HI,5
HI,6
HI,7
HI,8
HI,9
HI,10
HI,11
HI,12
HI,13
HI,14
HI,15
HI,16
HI,17
HI,18
HI,19
HI,20
HI,21
HI,22
HI,23
HI,24
HI,25
HI,26
HI,27
HI,28
HI,29
HI,30
HI,31
HI,32
HI,33
HI,34
HI,35
CO,1
CO,2
CO,3
CO,4
CO,5
CO,6
CO,7
CO,8
CO,9
CO,10
CO,11
CO,12
CO,13
CO,14
CO,15
CO,16
CO,17
CO,18
CO,19
CO,20
CO,21
CO,22
CO,23
CO,24
CO,25
CO,26
CO,27
CO,28
CO,29
CO,30
CO,31
CO,32
CO,33
CO,34
CO,35
MD,1
MD,2
MD,3
MD,4
MD,5
MD,6
MD,7
MD,8
MD,9
MD,10
MD,11
MD,12
MD,13
MD,14
MD,15
MD,16
MD,17
MD,18
MD,19
MD,20
MD,21
MD,22
MD,23
MD,24
MD,25
MD,26
MD,27
MD,28
MD,29
MD,30
MD,31
MD,32
MD,33
MD,34
MD,35
CT,1
CT,2
CT,3
CT,4
CT,5
CT,6
CT,7
CT,8
CT,9
CT,10
CT,11
CT,12
CT,13
CT,14
CT,15
CT,16
CT,17
CT,18
CT,19
CT,20
CT,21
CT,22
CT,23
CT,24
CT,25
CT,26
CT,27
CT,28
CT,29
CT,30
CT,31
CT,32
CT,33
CT,34
CT,35
PA,1
PA,2
PA,3
PA,4
PA,5
PA,6
PA,7
PA,8
PA,9
PA,10
PA,11
PA,12
PA,13
PA,14
PA,15
PA,16
PA,17
PA,18
PA,19
PA,20
PA,21
PA,22
PA,23
PA,24
PA,25
PA,26
PA,27
PA,28
PA,29
PA,30
PA,31
PA,32
PA,33
PA,34
PA,35
DE,1
DE,2
DE,3
DE,4
DE,5
DE,6
DE,7
DE,8
DE,9
DE,10
DE,11
DE,12
DE,13
DE,14
DE,15
DE,16
DE,17
DE,18
DE,19
DE,20
DE,21
DE,22
DE,23
DE,24
DE,25
DE,26
DE,27
DE,28
DE,29
DE,30
DE,31
DE,32
DE,33
DE,34
DE,35
MN,1
MN,2
MN,3
MN,4
MN,5
MN,6
MN,7
MN,8
MN,9
MN,10
MN,11
MN,12
MN,13
MN,14
MN,15
MN,16
MN,17
MN,18
MN,19
MN,20
MN,21
MN,22
MN,23
MN,24
MN,25
MN,26
MN,27
MN,28
MN,29
MN,30
MN,31
MN,32
MN,33
MN,34
MN,35
WY,1
WY,2
WY,3
WY,4
WY,5
WY,6
WY,7
WY,8
WY,9
WY,10
WY,11
WY,12
WY,13
WY,14
WY,15
WY,16
WY,17
WY,18
WY,19
WY,20
WY,21
WY,22
WY,23
WY,24
WY,25
WY,26
WY,27
WY,28
WY,29
WY,30
WY,31
WY,32
WY,33
WY,34
WY,35
WV,1
WV,2
WV,3
WV,4
WV,5
WV,6
WV,7
WV,8
WV,9
WV,10
WV,11
WV,12
WV,13
WV,14
WV,15
WV,16
WV,17
WV,18
WV,19
WV,20
WV,21
WV,22
WV,23
WV,24
WV,25
WV,26
WV,27
WV,28
WV,29
WV,30
WV,31
WV,32
WV,33
WV,34
WV,35
VT,1
VT,2
VT,3
VT,4
VT,5
VT,6
VT,7
VT,8
VT,9
VT,10
VT,11
VT,12
VT,13
VT,14
VT,15
VT,16
VT,17
VT,18
VT,19
VT,20
VT,21
VT,22
VT,23
VT,24
VT,25
VT,26
VT,27
VT,28
VT,29
VT,30
VT,31
VT,32
VT,33
VT,34
VT,35
MT,1
MT,2
MT,3
MT,4
MT,5
MT,6
MT,7
MT,8
MT,9
MT,10
MT,11
MT,12
MT,13
MT,14
MT,15
MT,16
MT,17
MT,18
MT,19
MT,20
MT,21
MT,22
MT,23
MT,24
MT,25
MT,26
MT,27
MT,28
MT,29
MT,30
MT,31
MT,32
MT,33
MT,34
MT,35
TX,1
TX,2
TX,3
TX,4
TX,5
TX,6
TX,7
TX,8
TX,9
TX,10
TX,11
TX,12
TX,13
TX,14
TX,15
TX,16
TX,17
TX,18
TX,19
TX,20
TX,21
TX,22
TX,23
TX,24
TX,25
TX,26
TX,27
TX,28
TX,29
TX,30
TX,31
TX,32
TX,33
TX,34
TX,35
SC,1
SC,2
SC,3
SC,4
SC,5
SC,6
SC,7
SC,8
SC,9
SC,10
SC,11
SC,12
SC,13
SC,14
SC,15
SC,16
SC,17
SC,18
SC,19
SC,20
SC,21
SC,22
SC,23
SC,24
SC,25
SC,26
SC,27
SC,28
SC,29
SC,30
SC,31
SC,32
SC,33
SC,34
SC,35
TN,1
TN,2
TN,3
TN,4
TN,5
TN,6
TN,7
TN,8
TN,9
TN,10
TN,11
TN,12
TN,13
TN,14
TN,15
TN,16
TN,17
TN,18
TN,19
TN,20
TN,21
TN,22
TN,23
TN,24
TN,25
TN,26
TN,27
TN,28
TN,29
TN,30
TN,31
TN,32
TN,33
TN,34
TN,35
GA,1
GA,2
GA,3
GA,4
GA,5
GA,6
GA,7
GA,8
GA,9
GA,10
GA,11
GA,12
GA,13
GA,14
GA,15
GA,16
GA,17
GA,18
GA,19
GA,20
GA,21
GA,22
GA,23
GA,24
GA,25
GA,26
GA,27
GA,28
GA,29
GA,30
GA,31
GA,32
GA,33
GA,34
GA,35
AR,1
AR,2
AR,3
AR,4
AR,5
AR,6
AR,7
AR,8
AR,9
AR,10
AR,11
AR,12
AR,13
AR,14
AR,15
AR,16
AR,17
AR,18
AR,19
AR,20
AR,21
AR,22
AR,23
AR,24
AR,25
AR,26
AR,27
AR,28
AR,29
AR,30
AR,31
AR,32
AR,33
AR,34
AR,35
AK,1
AK,2
AK,3
AK,4
AK,5
AK,6
AK,7
AK,8
AK,9
AK,10
AK,11
AK,12
AK,13
AK,14
AK,15
AK,16
AK,17
AK,18
AK,19
AK,20
AK,21
AK,22
AK,23
AK,24
AK,25
AK,26
AK,27
AK,28
AK,29
AK,30
AK,31
AK,32
AK,33
AK,34
AK,35
NE,1
NE,2
NE,3
NE,4
NE,5
NE,6
NE,7
NE,8
NE,9
NE,10
NE,11
NE,12
NE,13
NE,14
NE,15
NE,16
NE,17
NE,18
NE,19
NE,20
NE,21
NE,22
NE,23
NE,24
NE,25
NE,26
NE,27
NE,28
NE,29
NE,30
NE,31
NE,32
NE,33
NE,34
NE,35
DC,1
DC,2
DC,3
DC,4
DC,5
DC,6
DC,7
DC,8
DC,9
DC,10
DC,11
DC,12
DC,13
DC,14
DC,15
DC,16
DC,17
DC,18
DC,19
DC,20
DC,21
DC,22
DC,23
DC,24
DC,25
DC,26
DC,27
DC,28
DC,29
DC,30
DC,31
DC,32
DC,33
DC,34
DC,35
MI,1
MI,2
MI,3
MI,4
MI,5
MI,6
MI,7
MI,8
MI,9
MI,10
MI,11
MI,12
MI,13
MI,14
MI,15
MI,16
MI,17
MI,18
MI,19
MI,20
MI,21
MI,22
MI,23
MI,24
MI,25
MI,26
MI,27
MI,28
MI,29
MI,30
MI,31
MI,32
MI,33
MI,34
MI,35
NV,1
NV,2
NV,3
NV,4
NV,5
NV,6
NV,7
NV,8
NV,9
NV,10
NV,11
NV,12
NV,13
NV,14
NV,15
NV,16
NV,17
NV,18
NV,19
NV,20
NV,21
NV,22
NV,23
NV,24
NV,25
NV,26
NV,27
NV,28
NV,29
NV,30
NV,31
NV,32
NV,33
NV,34
NV,35
ME,1
ME,2
ME,3
ME,4
ME,5
ME,6
ME,7
ME,8
ME,9
ME,10
ME,11
ME,12
ME,13
ME,14
ME,15
ME,16
ME,17
ME,18
ME,19
ME,20
ME,21
ME,22
ME,23
ME,24
ME,25
ME,26
ME,27
ME,28
ME,29
ME,30
ME,31
ME,32
ME,33
ME,34
ME,35
NV,1
NV,2
NV,3
NV,4
NV,5
NV,6
NV,7
NV,8
NV,9
NV,10
NV,11
NV,12
NV,13
NV,14
NV,15
NV,16
NV,17
NV,18
NV,19
NV,20
NV,21
NV,22
NV,23
NV,24
NV,25
NV,26
NV,27
NV,28
NV,29
NV,30
NV,31
NV,32
NV,33
NV,34
NV,35
WI,1
WI,2
WI,3
WI,4
WI,5
WI,6
WI,7
WI,8
WI,9
WI,10
WI,11
WI,12
WI,13
WI,14
WI,15
WI,16
WI,17
WI,18
WI,19
WI,20
WI,21
WI,22
WI,23
WI,24
WI,25
WI,26
WI,27
WI,28
WI,29
WI,30
WI,31
WI,32
WI,33
WI,34
WI,35
OH,1
OH,2
OH,3
OH,4
OH,5
OH,6
OH,7
OH,8
OH,9
OH,10
OH,11
OH,12
OH,13
OH,14
OH,15
OH,16
OH,17
OH,18
OH,19
OH,20
OH,21
OH,22
OH,23
OH,24
OH,25
OH,26
OH,27
OH,28
OH,29
OH,30
OH,31
OH,32
OH,33
OH,34
OH,35
