state,abbr,fips.x,full,statename,normdate,fips.y,history1135,multi1135,count_reg,normdate2,final_count
UT,ut,49,Utah,Utah,24,49,1,0,6,0,
UT,ut,49,Utah,Utah,24,49,1,0,6,1,
UT,ut,49,Utah,Utah,24,49,1,0,6,2,
UT,ut,49,Utah,Utah,24,49,1,0,6,3,
UT,ut,49,Utah,Utah,24,49,1,0,6,4,
UT,ut,49,Utah,Utah,24,49,1,0,6,5,
UT,ut,49,Utah,Utah,24,49,1,0,6,6,
UT,ut,49,Utah,Utah,24,49,1,0,6,7,
UT,ut,49,Utah,Utah,24,49,1,0,6,8,
UT,ut,49,Utah,Utah,24,49,1,0,6,9,
UT,ut,49,Utah,Utah,24,49,1,0,6,10,
UT,ut,49,Utah,Utah,24,49,1,0,6,11,
UT,ut,49,Utah,Utah,24,49,1,0,6,12,
UT,ut,49,Utah,Utah,24,49,1,0,6,13,
UT,ut,49,Utah,Utah,24,49,1,0,6,14,
UT,ut,49,Utah,Utah,24,49,1,0,6,15,
UT,ut,49,Utah,Utah,24,49,1,0,6,16,
UT,ut,49,Utah,Utah,24,49,1,0,6,17,
UT,ut,49,Utah,Utah,24,49,1,0,6,18,
UT,ut,49,Utah,Utah,24,49,1,0,6,19,
UT,ut,49,Utah,Utah,24,49,1,0,6,20,
UT,ut,49,Utah,Utah,24,49,1,0,6,21,
UT,ut,49,Utah,Utah,24,49,1,0,6,22,
UT,ut,49,Utah,Utah,24,49,1,0,6,23,
UT,ut,49,Utah,Utah,24,49,1,0,6,24,6
UT,ut,49,Utah,Utah,24,49,1,0,6,25,6
UT,ut,49,Utah,Utah,24,49,1,0,6,26,6
UT,ut,49,Utah,Utah,24,49,1,0,6,27,6
UT,ut,49,Utah,Utah,24,49,1,0,6,28,6
UT,ut,49,Utah,Utah,24,49,1,0,6,29,6
UT,ut,49,Utah,Utah,24,49,1,0,6,30,6
UT,ut,49,Utah,Utah,24,49,1,0,6,31,6
UT,ut,49,Utah,Utah,24,49,1,0,6,32,6
UT,ut,49,Utah,Utah,24,49,1,0,6,33,6
UT,ut,49,Utah,Utah,24,49,1,0,6,34,6
UT,ut,49,Utah,Utah,24,49,1,0,6,35,6
